0.35833	0.99426	0.05417	0.00328	P品浙阡
0.42083	0.99504	0.05000	0.00174	黔法方匆
0.60833	0.99504	0.06250	0.00174	关干昂宽
0.21667	0.97867	0.06718	0.00174	MinncEO|
0.03750	0.95486	0.25000	0.00422	专业知识内容 AI生产与全域分发 Agent
0.03750	0.96057	0.37917	0.00744	Social Grow 智能解决方案
0.03750	0.94420	0.30000	0.00422	自己的「内容 Al分旁」与「24小时不问断的流显縣化器」。
0.04167	0.94914	0.52500	0.00175	在路1万1与1公路路号二的内容侧作Aaent-利识人车乡目然体出你，北你一你是！大我都合
0.05833	0.92287	0.09583	0.00422	預约产品演示一
0.03333	0.89500	0.29583	0.00410	一、一图读懂（产品带来的直接改变）
0.06250	0.87449	0.15417	0.00175	从一经文字！一个想点到感卖。我上
0.06250	0.87773	0.07917	0.00578	分钟级
0.29583	0.87847	0.03750	0.00504	¥0
0.52917	0.87449	0.12917	0.00175	可演梦井潍拍效十个张琴虹所
0.52917	0.87847	0.03750	0.00504	1人
0.75833	0.87847	0.05417	0.00504	1>N
0.76667	0.87449	0.16250	0.00175	怡碧说送产準区产出微百上千条内器
0.03333	0.84249	0.20417	0.00498	|二、行业困局与核心痛点
0.10000	0.82937	0.09583	0.00174	倍统行业都战与路点：
0.10000	0.81126	0.04167	0.00174	大帽领）
0.10000	0.81296	0.34167	0.00410	湖点電还核需实时聚合，一领转亞務 少带来结果：这寒相关睡提升，这想托时
0.56667	0.81296	0.30833	0.00410	知识上 RAG一贸重约多平台烟及文案 产苹来给果：单条生产阳烟碎低
0.09583	0.79563	0.09583	0.00174	情死门业税窢号通序
0.10417	0.79163	0.19583	0.00410	【出錢广规然】请始导！摄彩！弱狮，成衣两
0.56250	0.79563	0.09583	0.00174	传沋行业死战与涌息
0.10417	0.78423	0.10833	0.00422	女 又超A解决方*：
0.57083	0.79163	0.17083	0.00410	［分发】 写、双、弱、投限3-4人苏作
0.10000	0.77927	0.29167	0.00422	效字人，立商克坠，分钟源成片 子带来结果：单票短视复陇本降低
0.10000	0.77769	0.12500	0.00164	-805∞85%。HS成交X
0.56667	0.78015	0.32917	0.00246	惩陈供发群按，一键多平台定时上深 带案結果：1人运营即可谁护10-30+
0.57083	0.78497	0.10000	0.00256	交 灵宸AI僻决方器
0.10000	0.74727	0.33333	0.00174	一但动沼福环产州或百一本森内路子精来续里。内路细田密成场-或百倍热大
0.10417	0.75144	0.10417	0.00253	多 灵宸 AI 解决方案：
0.56667	0.74727	0.32500	0.00174	3探而板个用复毋，后对动没出了带来游妈：RY可渐最，打法可行你计小
0.57083	0.75144	0.10417	0.00253	交 灵宸AI解决方案：
0.03333	0.71528	0.41250	0.00422	|三、灵宸重构：核心数字化处理流（端到端智能闭环）
0.04167	0.70461	0.10000	0.00422	（o1 热点田达
0.08333	0.70139	0.29167	0.00248	泰平台热点实时聚合+空业發置过识，任分热点一都转分前作难换。
0.56250	0.70550	0.07083	0.00246	知识库宫理
0.56667	0.70139	0.38333	0.00248	安业没 RAG引鉴，把产品/級务知识。累倒、白皮书。录育溪为 AI 指定检索源。保降准花
0.04167	0.68499	0.10000	0.00410	（03 创作工坊
0.56250	0.68499	0.06250	0.00410	视频工坊
0.04167	0.66518	0.10000	0.00422	o5发布矩阵
0.08333	0.66195	0.26667	0.00174	阿交了《都象平台蜂发胖校，定时楼脚。分岁秋高可视化i路
0.56667	0.66195	0.31250	0.00174	会网离光。阳沈，五动效批舞盘，分桥内交与货众女好夏联关沃代A作南
0.06250	0.64479	0.53333	0.00328	@ 与点立工具的区分：不是 文教助于」或多辅漱件」，们死能分、參、多、换、复的丝茶疑路白动化的效字这已的
0.03750	0.61359	0.41667	0.00496	|四、关键竞争优势：多维能力协同，构筑企业专属资产
0.05000	0.60863	0.12500	0.00253	熬心模烧列客户能真实的值
0.06667	0.59474	0.09167	0.00174	4 杭点蜀达价值
0.37917	0.59474	0.10000	0.00174	如识皮堂理价值
0.68750	0.59474	0.09167	0.00174	［ 创作工坊价销
0.37083	0.58482	0.07500	0.00174	湖住与行上米8。
0.05833	0.56275	0.25417	0.00248	拿拍摄哎本，分钟级成片；专属数字形忽持溪产出，出确皮
0.37083	0.56349	0.25417	0.00174	节「写思前投，外鸡，公于民缩为1名运想，众到妈意你！
0.37917	0.56920	0.08750	0.00258	台 发布矩阵价值
0.37083	0.55947	0.03750	0.00328	力拉杯，
0.68333	0.56349	0.24583	0.00174	用际型超动旅期与创化安篇。让由路 pDI可新量可形化
0.24167	0.53398	0.52083	0.00174	纵传炸「下之叉了的子岁布子每做，的多人静作。牛總如一条由M1没计。可括环登值的化这上也妈。到据而城的全國际
0.57083	0.54061	0.05000	0.00329	闹环田灣
0.03333	0.49876	0.25417	0.00496	|五、可交付商业成果与落地价值
0.05833	0.47662	0.44167	0.00577	-70%~-90% -60%~-85%
0.55399	0.47726	0.12534	0.00527	10~30+
0.79152	0.47731	0.11695	0.00519	×3~×10
0.05833	0.44217	0.12083	0.00253	3-10 倍，获客过不量提升。
0.06667	0.42576	0.10417	0.00410	口 业务与修理价位
0.52500	0.41667	0.10833	0.00347	池模块化嵌入現有系地。
0.52500	0.42002	0.40833	0.00246	依托 RAG 知识边界和全程留瘦的人机数同机制，降低零业事实死伤、合规风险与知识流失，支
0.03333	0.38638	0.19167	0.00410	六、部分应用场景示例
0.05000	0.38219	0.41667	0.00174	让白旗依引水美 蜀好兴与看业，士辉要如凯沪都坡似，回业，捐德菜期公烤路带后高會南网公
0.20417	0.36334	0.15000	0.00174	沃园过总。北山洗行，徐南市1公办。
0.06250	0.34044	0.10833	0.00504	言”味、老农面人士内字附
0.21250	0.32404	0.18750	0.00246	了用對意：企必市场了忍降团队。你姿助女业跟的？
0.51667	0.31746	0.29583	0.00174	召后晰，找标，融达带部升。内容合损看出下险。好音铁卖成水不说
0.52083	0.32068	0.40417	0.00174	任，工作这：改马了那女知但出RiC》老迎性合期女要为想地人領物題了融按公好，等啊，
0.52083	0.32316	0.40833	0.00251	【強地业旁收益】建立想定的公城统客内容流，降低对单一很过与换啟預亮的依夠，烈化专业品
0.21250	0.29936	0.26667	0.00422	5概点，人我产说药展。欢付断盟不相定。頂头写教的阳咨經给那以更》，
0.51250	0.29779	0.34583	0.00256	奶频矩阵，指标：人均可冷护联号效，N、人天欢付爱欢擺升、项目咱利宰提升。
0.51667	0.30107	0.41667	0.00176	大平利。工作赛，一名这营借物创作工护与没员工场。同到产出并各护教十个备业實行业专然的开
0.51667	0.30432	0.41667	0.00174	【慈垧业名收花】实现怎壞伙。贾员兴定的交付，报一船汉摩内婴做环氟用为感面上干来，几发能
0.05417	0.27480	0.11250	0.00174	• 祿行/省所专业1运过
0.05417	0.26333	0.27083	0.00254	延短视频。 N 炙，定便深双史系量规升、单亲获客成本下降。
0.05833	0.26907	0.41250	0.00410	低限本。可济这地获中公矮察源，沉辽德所及谭相个人专业活源观与品裤潢产。工作茶包标律所
0.05833	0.26661	0.41250	0.00249	知识咋为 RAQ源、创作工坊生产合规文象、效半人『张三律师」出振、发布矩阵全网分发，实果
0.52083	0.26661	0.41667	0.00249	户、淞短咨询战化浴径。通过知识吃/紫材入吃、一世衍生多显台妈欢。效字人悍短很频，实双
0.52083	0.27480	0.14167	0.00174	• 白选冰，有家烈人十内空的路
0.52500	0.26907	0.41250	0.00410	妈月媒休人士。专京經紧进行「IP化与找搜化」，以受业内客前置获极公矮流聲、第透高意向客
0.03333	0.23380	0.12083	0.00410	|七、合作模式
0.07500	0.16407	0.23333	0.00492	② 为什么选择 Social Grow？
0.09167	0.15176	0.10000	0.00328	1］ 文本专业准确
0.08750	0.13372	0.02917	0.00492	②
0.11250	0.13442	0.07500	0.00422	妥拍摄成本：
0.11667	0.13120	0.30417	0.00422	嘉人致字人克隆与也膏克漆，实双分钟织一钱出片，出锦成本的干碑。
0.32083	0.08696	0.43750	0.00738	让专业内容7x24小时孵化流量
0.31667	0.08036	0.45833	0.00422	让每一位专业人士，都拥有自己的「内容 AI 分身」与「24 小时不间断的流量解化
0.48750	0.06399	0.10833	0.00422	预约产品演示一
0.07466	0.03339	0.08818	0.00542	1 灵忘智能
0.29167	0.02951	0.08333	0.00174	Deealaww
0.51250	0.02871	0.05000	0.00410	产品文丝
0.29583	0.01885	0.09167	0.00422	Nine SEG 品怀坊化
0.51250	0.01885	0.05417	0.00422	灵與茶究於
0.51250	0.02379	0.05000	0.00410	密户累倒
0.73333	0.02543	0.09167	0.00334	② T9¢21788698
0.73333	0.02133	0.16250	0.00328	③ 上商市発拉区全通第185#31-元
