0.37500	0.75846	0.23983	0.05846	五、成功案例（客户见证）
0.36192	0.70096	0.27616	0.02894	众多出海企业已通过我们的解决方案实现显著增长
0.10901	0.49196	0.01453	0.03215	口
0.14212	0.48823	0.10102	0.03836	TechGlobal Inc.
0.57558	0.49518	0.12791	0.02944	TradeLink Solutions
0.52917	0.40308	0.37083	0.04646	“Al Agent 帮助我们节省了70%的人工时间，同时将高质量线索数量增加了
0.09738	0.39846	0.33866	0.03562	“使用 Al Agent 后，我们的获客效率提升了450%，邮件回复率增加了
0.09884	0.36308	0.16715	0.03242	280%，真正实现了规模化获客。"
0.53172	0.36030	0.12127	0.03883	320%，ROI 显著改善。"
0.10029	0.28923	0.09157	0.02308	CEO- Sarah Johnson
0.41570	0.28615	0.05087	0.02923	+450%
0.53343	0.28923	0.13808	0.02308	Marketing Director - David Chen
0.84884	0.28615	0.05087	0.02923	+320%
0.10029	0.26308	0.05087	0.02000	科技出海企业
0.41708	0.25321	0.04956	0.02412	获客效率提升
0.53343	0.26308	0.05087	0.02000	跨境电商企业
0.85028	0.25388	0.05090	0.02278	线素质量提升
