0.08750	0.98016	0.17500	0.00523	综合野决方案［产品专项解决方案
0.08333	0.97173	0.05000	0.00223	salesin
0.13333	0.97173	0.24204	0.00223	soclal Grow ne tU AlstHamness|
0.33333	0.87153	0.32083	0.00645	一、一图读懂（一图读懂产品定位）
0.32500	0.86326	0.35000	0.00529	通过三栏对比，清晰展现 AI Agent 如何革新传统出海获客模式
0.14160	0.84021	0.10430	0.00538	过去：手工驱动
0.42917	0.84028	0.09583	0.00523	现在：AI驱动
0.09583	0.82985	0.18750	0.00323	• 于动寻找客户联系万式，双举低了
0.09583	0.81622	0.13333	0.00322	• 无法实时跟进客户反货
0.09583	0.82143	0.17083	0.00645	。邮件模板千篇一律，回复率低
0.38333	0.82985	0.14583	0.00323	• AI 目动挖运精准客尸信品
0.38333	0.82255	0.17500	0.00533	。个性化邮件生成，提离回复率
0.67083	0.82985	0.12500	0.00323	• 获客效半提升 500%+
0.09583	0.80898	0.13333	0.00313	• 词古效据难以犹计分析
0.38333	0.81622	0.15417	0.00322	• 智能跟进，7×24 小时响应
0.67083	0.82143	0.13750	0.00645	。邮件回复率提升300%
0.09583	0.80060	0.10417	0.00629	。团队协作成本高
0.38333	0.80898	0.14583	0.00313	• 头时效据分析，仇化菜哈
0.67500	0.81622	0.10833	0.00322	• 销售局期缩短 60%
0.38333	0.80159	0.15000	0.00530	•自动化工作流，提升效率
0.67500	0.80898	0.09167	0.00313	• ROI從汁200%
0.67500	0.80159	0.14167	0.00530	•团队协作效率提升400%
0.32083	0.76190	0.34583	0.00645	二、问题分析（出海企业面临的挑战）
0.38333	0.75470	0.23333	0.00522	深入剖析出海企业在获客环节的核心痛点
0.07500	0.73382	0.15833	0.00527	传统获客模式的困境
0.07917	0.72545	0.09583	0.00322	A 信忌获取困难
0.10833	0.72123	0.25000	0.00223	月标客户信息分边，手动收华耗时离力，淮确路低
0.10417	0.71181	0.07917	0.00427	沟通效率低下
0.10833	0.70660	0.23750	0.00223	跨问区湾通发宗，邯件恩商步长，跟进个及问
0.10417	0.69311	0.23333	0.00209	w艺个牛化路国策路，光法有发细大久口新人
0.57487	0.69716	0.07943	0.00547	$427,890
0.70000	0.69833	0.06250	0.00430	18,452
0.83333	0.69717	0.05833	0.00546	$23.19
0.07917	0.68372	0.09583	0.00313	A 或据嘗理泯乩
0.10833	0.67954	0.19583	0.00209	铂仕数据分莉，雅以形成有效冲普支持
0.53333	0.68576	0.05417	0.00223	或据泂祭
0.53333	0.67954	0.27083	0.00325	通过可视化数据分析，帮助企业识别获客瓶颈，优化销售策略。
0.33333	0.63987	0.32500	0.00626	三、解決方案（AI Agent核心能力）
0.40000	0.63361	0.19583	0.00209	舍万仃A浆动的出海状客解决万茶
0.10000	0.58768	0.22083	0.00532	Al自动扫描全球商业数据库，精准识别潜在
0.16667	0.59499	0.08750	0.00522	智能线索挖掘
0.38333	0.58768	0.23333	0.00532	基于容户画像生成个性化邮件内容，提高打开
0.44988	0.59483	0.10442	0.00554	个性化邮件营销
0.67500	0.58768	0.22917	0.00532	7×24小时自动回复客户咨询，智能判断购买
0.74578	0.59493	0.08761	0.00533	智能对话跟进
0.09583	0.53967	0.23333	0.00522	实时监控获客效果，提供详细的数据报告和优
0.16667	0.54688	0.09167	0.00532	数据驱动分析
0.38333	0.53967	0.23333	0.00522	从线索获取到成交转化的全流程自动化，大幅
0.45833	0.54688	0.08750	0.00532	自动化工作流
0.67500	0.53967	0.22917	0.00522	支持多种语言的沟通和内容生成，满足全球化
0.74975	0.54672	0.07967	0.00573	多语言支持
0.35417	0.49678	0.28333	0.00531	四、实施流程（如何快速部署）
0.38750	0.48852	0.22500	0.00528	简单四步，轻松实现 AlI驱动的出海获客
0.16250	0.46131	0.33333	0.00322	深入了解您的业务需求和目标市场，定制专属的 AI Agent 配置方案。
0.16667	0.46652	0.06250	0.00530	需求对接
0.16250	0.43626	0.06250	0.00528	系统配置
0.16250	0.43105	0.34167	0.00322	根据您的行业特点和客户画像，配置 AI Agent 的工作参数和沟通策陷
0.16250	0.40079	0.31667	0.00223	AlAgent 开始目动热行获客任务，实时监控运行状态和效果教据
0.16667	0.40600	0.05833	0.00527	启动运行
0.07500	0.36848	0.05000	0.01148	④
0.16250	0.37474	0.06667	0.00522	持续优化
0.16250	0.36952	0.33333	0.00325	基于实际运行数据，不断优化 AI Agent 的表现，确保最佳获客效果。
0.37500	0.32881	0.23750	0.00731	五、成功案例（客户见证）
0.35833	0.32143	0.28333	0.00529	众多出海企业已通过我们的解决方案实现显著增长
0.13333	0.29958	0.10833	0.00209	echGlo0alinc.
0.57083	0.29958	0.12917	0.00209	radeuinksoluuons
0.52917	0.28914	0.36667	0.00209	AlAgen节現知会」/0两时久人时同，同时付同澳里线条效里腦加」
0.41667	0.27453	0.05417	0.00523	+450%
0.85000	0.27133	0.04583	0.00223	或多血取設才
0.85000	0.27453	0.05417	0.00523	+320%
0.36667	0.22443	0.27083	0.00524	根据企业规模和需求，提供多种灵活的定价方案
0.37500	0.23165	0.24167	0.00645	六、定价方案（灵活选择）
0.18750	0.20251	0.05000	0.00533	基础版
0.48750	0.20561	0.05000	0.00525	专业版
0.16667	0.19311	0.09167	0.00629	¥2,999；月
0.46667	0.19519	0.09583	0.00627	¥8,999/月
0.76667	0.20251	0.04583	0.00533	企业版
0.09583	0.17850	0.09167	0.00528	～基础邮件模板
0.09583	0.18476	0.13750	0.00522	• 每日1,000 条线索挖掘
0.38750	0.18576	0.14167	0.00526	～ 每日5,000条线索挖掘
0.74146	0.19289	0.10042	0.00670	¥19,999/月
0.09583	0.17212	0.09167	0.00533	～ 基本数据分析
0.38750	0.17850	0.10000	0.00528	丷 高级邮件模板
0.69146	0.18476	0.13354	0.00522	每日 10,000+ 条线素挖掘
0.09583	0.16071	0.07500	0.00223	× 多造云文村
0.09583	0.16691	0.09167	0.00428	× 高级对话跟进
0.38750	0.16592	0.09167	0.00322	v 習能对话跟进
0.38750	0.17212	0.09583	0.00533	～ 深度数据分析
0.67500	0.17850	0.10417	0.00528	＜定制化邮件模板
0.67500	0.16592	0.09167	0.00527	～ 高级对话跟进
0.69146	0.17212	0.07521	0.00533	全面數据分析
0.67500	0.15971	0.08333	0.00522	～多语言支持
0.48750	0.14509	0.05417	0.00522	立即购买
0.32500	0.10218	0.35000	0.00951	开启 AI驱动的出海获客新时代
0.33750	0.09395	0.32917	0.00626	立即体验，让您的团队专注于真正的客户沟通与转化
0.39583	0.08135	0.08333	0.00529	免费试用14天
0.52083	0.08234	0.08333	0.00430	预约产品演示
