0.07413	0.87688	0.24709	0.04459	|四、独特优势与核心能力
0.07703	0.76437	0.16715	0.02882	4.1 完善的 AI Agent 能力基座
0.51599	0.76687	0.31105	0.02632	4.2组合能力矩阵：从千人多面到千人千面的高并发作业
0.51599	0.69625	0.38227	0.02375	真正的竞争力来自“策路＋身份+信息＋法律＋开发"的组合，而非单点外呼或单点诉讼。
0.09300	0.66733	0.05238	0.02136	知识与经验
0.09448	0.63613	0.15988	0.02094	专家经验、行业规范、法律法规、判例案例
0.53195	0.62286	0.03349	0.01867	策路大脑
0.73972	0.62237	0.03509	0.01966	AI多身份
0.53198	0.59162	0.16715	0.01838	按账龄、额度、行为自动分层，生成千人千面
0.73983	0.59162	0.16715	0.01838	管家、客服、法务、律师四种身份按进展动态
0.53197	0.57320	0.04653	0.01852	策路与话术。
0.73983	0.57313	0.02180	0.01875	切换。
0.09446	0.52873	0.04072	0.02370	模型能力
0.09448	0.49738	0.20930	0.02094	基座大模型、推理大模型、记忆模型、声音与视觉大模型
0.53047	0.47867	0.04372	0.02171	多渠道触达
0.73835	0.47892	0.04365	0.02122	高并发作业
0.53198	0.45000	0.16424	0.01875	语音外呼、短信、邮件、快递 EMS 四位一体
0.73983	0.45000	0.16715	0.01875	可同时处理1户到1千户，资产量越大，并发
0.53198	0.42932	0.02907	0.01832	并留痕。
0.73980	0.43170	0.04656	0.01618	优势越明显。
0.09433	0.39170	0.04099	0.02288	工程方法
0.09593	0.36125	0.24273	0.02125	上下文工程、思维链、结构化催收步骤、独有、创新的智能体架构
0.53198	0.33750	0.03343	0.01875	法律文书
0.73978	0.33997	0.03353	0.01640	自主诉讼
0.53198	0.30875	0.16715	0.01875	催收函、律师函、起诉状、证据清单批量生成
0.73983	0.30875	0.16715	0.01875	自动提交法院立案系统，跟进进展，支持异地
0.53198	0.28796	0.02907	0.01832	并签章。
0.73983	0.28796	0.03052	0.01832	代开庭。
0.09446	0.25639	0.05236	0.02126	Agent 内核
0.09448	0.22500	0.15988	0.01875	知识推理、知识总结、自主执行、自主进化
