0.07267	0.91611	0.35320	0.03970	|五、价值与成效：问题被解决得如何
0.12936	0.78837	0.02471	0.04186	个
0.35320	0.78837	0.02616	0.04186	<
0.57558	0.75814	0.06395	0.05130	0起
0.78469	0.75492	0.09050	0.05294	7×24
0.12496	0.73234	0.09892	0.04695	380%
0.35320	0.73488	0.06977	0.03734	50%
0.15116	0.71389	0.05087	0.02565	效率提升
0.35901	0.71833	0.05378	0.01889	人力成本下
0.54651	0.71389	0.11047	0.02333	暴力催收 /合规纠纷
0.79631	0.71274	0.05273	0.02568	批量执行
0.10320	0.67889	0.14244	0.02111	唤醒沉睡的历史交易与小循环账，
0.31831	0.68140	0.14680	0.01860	替代重复外呼与法律文书处理及诉
0.53343	0.67889	0.14826	0.02111	话术可控、全程录音留痕、符合监
0.74855	0.67667	0.14680	0.02333	全时段不间断作业，自进化，越用
0.11773	0.65333	0.11483	0.02111	大幅提升单位时间处理量。
0.32267	0.65333	0.12936	0.02111	讼，释放人力聚焦核心案情。
0.54360	0.65111	0.12355	0.02333	管力与合规标准的温度为纲。
0.77326	0.65333	0.09448	0.02111	越懂业务、越用越准。
0.10465	0.47209	0.09884	0.02093	5.2价值闭环流程
0.21221	0.38372	0.01308	0.02326	E
0.49128	0.38372	0.01744	0.02791	4
0.77180	0.38140	0.01890	0.03023	◎
0.19762	0.32283	0.05099	0.01945	逾期资产池
0.45930	0.32326	0.08140	0.01860	Recov Agent 运营
0.75580	0.32083	0.04945	0.02114	回款与改进
0.15698	0.29767	0.13372	0.01399	历史欠费/小额账单丿批量分散债权
0.40116	0.29767	0.19913	0.01399	画像，外呼．送达，文书，立案，对账，7x24 批量执行
0.68169	0.29535	0.19913	0.01632	回款确认！合规留痕/服务改进，支持按回款结果收费
0.19041	0.20698	0.61483	0.02326	综合价值：交付的是“现金流增量”，而非一套催收软件；把逾期资产变为现金流入，变“被动收费”为“主动治理”，以合规方式助力信用中国建设。
