0.06941	0.94913	0.46855	0.02037	|三、解决方案：Recov Agent如何解决这些问题
0.07809	0.91134	0.33189	0.01029	3.1产品定位&3.2 覆盖逾期资产全生命周期的六大处理环节
0.07592	0.88368	0.60954	0.01021	Recov Agent 不是“辅助人催收”，而是全链路自动执行催收作业的 AI工作伙伴：主动执行、自主决策、声音交互、有记忆反
0.07809	0.87202	0.25163	0.01024	思、自主进化。每个环节都围绕化解一类传统痛点：
0.10846	0.82118	0.08677	0.00876	01 数据解析
0.39696	0.82118	0.01952	0.00876	02
0.42500	0.82071	0.05889	0.00975	逾期画像
0.68330	0.82118	0.01952	0.00876	03
0.72001	0.82079	0.05021	0.00959	策略生成
0.09978	0.79506	0.22560	0.00876	数据解析与历史沟通记录归集，记录每个项目的真实
0.38829	0.79506	0.22343	0.00876	按账龄、行为、争议原因与风险标签，形成千人千面
0.67462	0.79506	0.19089	0.00876	自动匹配催收节奏、话术、强度与升级路径。
0.09978	0.78488	0.11063	0.00877	问题（业务/身份特征）。
0.38829	0.78488	0.02386	0.00877	画像。
0.67679	0.77180	0.13449	0.00727	【化解】策路依赖经验、难以标准化
0.10412	0.76163	0.10629	0.00727	【化解】信息断点、口径不一
0.39046	0.76017	0.09978	0.00873	【化解】一刀切、策路粗放
0.10846	0.70337	0.09978	0.00893	04 多身份触达
0.39696	0.70337	0.01952	0.00893	05
0.42733	0.70203	0.06941	0.01163	全链路送达
0.68330	0.70337	0.01952	0.00893	06
0.71794	0.70327	0.06521	0.00916	诉讼与立案
0.09978	0.67733	0.20174	0.00872	管家、客服、法务、律师身份按进展动态切换。
0.38829	0.67733	0.22560	0.01017	电话、邮件、短信、快递多方式自动化送达，并具备
0.67462	0.67878	0.22126	0.00727	催收函、律师函、诉状与证据 Al 批量生成、自动申
0.38610	0.66709	0.06728	0.00884	信息修复能力。
0.67462	0.66860	0.10412	0.00727	请立案、跟进案件进展。
0.10412	0.65402	0.09978	0.00877	【化解】温度与强度难兼顾
0.39046	0.64385	0.10846	0.00731	【化解】触达覆盖不全、失联
0.67679	0.64385	0.12364	0.00731	【化解】法律催收批量难、周期长
0.07592	0.57986	0.27549	0.00880	3.3 AI多重身份自动流转：从温馨提醒到法律威慑
0.07809	0.55233	0.69414	0.01017	智能体按催收进展自动升级身份，沟通温度由高到低、法律强度由低到高，逐级递进—既保留人情味，也形成法律压力，避免一上来就对立。
0.12798	0.51587	0.04338	0.00893	项目管家
0.34481	0.51567	0.06093	0.00935	企业客服主管
0.55965	0.51587	0.04121	0.00893	法务经理
0.77439	0.51595	0.04125	0.00879	执业律师
0.10412	0.50570	0.07809	0.01319	2 沟通温庭：高
0.31670	0.50570	0.06508	0.01319	2 双重转化
0.55965	0.50570	0.03688	0.00744	启动法律
0.77440	0.50570	0.05206	0.00744	法律强度：高
0.09328	0.48983	0.07809	0.00727	温馨提醒、关系维护
0.30803	0.48983	0.07809	0.00727	账单核对、督促沟通
0.52278	0.48983	0.07809	0.00727	正式催告、责任告知
0.73753	0.48983	0.06941	0.00727	律师函、起诉立案
0.09328	0.47817	0.16052	0.00729	用于早期逾期或日常温和提醒，降低抵触情
0.30803	0.47093	0.08026	0.00727	务真实化解糾紛理由。
0.30803	0.47817	0.16269	0.00729	对账单有异议者提供专业化对账服务，用服
0.52278	0.47093	0.09761	0.00727	告知，申明信用违约责任。
0.52278	0.47817	0.16269	0.00729	对无理由拒付者，以公司法务名义发出合规
0.73753	0.47817	0.16269	0.00729	对恶意欠费者直接转律师身份，批量生成律
0.73753	0.47093	0.09978	0.00727	师函并推进司法立案程序。
0.07592	0.40988	0.23861	0.01026	3.4司法闭环：标准化、可批量的法律处置
0.07809	0.38219	0.71800	0.01025	智能体把证据、文书、签章、送达、立案与案件跟进形成闭环，依据回收进展自动决定下一步法律动作，动作标准化、全程留痕、按进展自动升级：
0.37961	0.34884	0.01302	0.00731	02
0.09544	0.33576	0.04121	0.00874	法律催告
0.37961	0.33576	0.04121	0.00727	正式催告
0.66594	0.33576	0.06291	0.00727	律师函/EMS
0.09328	0.32413	0.12364	0.00727	项目管家式提醒，降低抵触情绪。
0.37961	0.32413	0.09111	0.00727	明确账单、期限与后果。
0.66594	0.32413	0.08243	0.00727	法律保障与送达留痕。
0.37961	0.28488	0.01518	0.00728	05
0.09325	0.27173	0.05211	0.00742	证据链补齐
0.37955	0.27164	0.04350	0.00760	诉状材料
0.66592	0.27174	0.04126	0.00739	立案跟进
0.09328	0.26017	0.12364	0.00727	合同、账单、沟通记录自动归档。
0.37961	0.26017	0.10629	0.00727	起诉状、证据目录自动生成。
0.66594	0.26017	0.18004	0.00727	自动提交法院立家系统并跟进，支持异地代开庭。
0.09328	0.21652	0.46855	0.00877	独特核心优势：律师函材料生成＋在线签章+自动立案跟进，让批量小额债权首次具备规模化司法处置能力。
0.09978	0.13953	0.35792	0.01027	3.5语义分析与自动对账：减少争议，变"被动收费"为"主动治理"
0.53362	0.14087	0.21258	0.00893	3.6 自进化引擎：越用越准的数据飞轮
0.09978	0.12202	0.36226	0.00879	每一次外呼不只是催收，更是发现服务缺口。当客户反馈“已缴费"没收到“对金额有
0.53362	0.12202	0.36226	0.00879	声音克隆保持统一品牌语气，关键节点支持实时人机协作接管，全程质检复盘话术与
0.09978	0.11186	0.36659	0.00878	异议”时，系统自动触发对账机制，减少争议与重复催收；典型应用场景（如物业费催
0.53362	0.11037	0.24729	0.00893	转化，拒绝原因回写知识库，智能体自主反思、迭代优化。
0.09978	0.10020	0.36009	0.00893	收）：强化无人催缴、降低投诉率；输出台账提升信用管理，推动企业从“被动收费”
0.09978	0.09003	0.07375	0.00744	转向"主动治理"。
0.54230	0.09301	0.25597	0.00874	催收数据持续注入 催收反馈实时回收 策路与话术双重进化
0.54013	0.07837	0.07809	0.00893	审查与催收能力升级
