0.07261	0.82678	0.14548	0.04725	| 、方案概述
0.07849	0.73315	0.48110	0.02716	以“高频、小额、标准化"为特征的批量逾期债权，正让企业同时承受成本、效率与合规的三重压力。
0.07703	0.69523	0.48401	0.02714	大量逾期资产被拖成历史坏账，持续侵蚀现金流与利润；传统"人海+人工法务"的催收模式，流程断
0.62645	0.70081	0.13372	0.02156	本方案将回答的五个核心问题
0.07703	0.65768	0.28488	0.02724	点多、单笔成本高、合规难以管控，越拖越难、越难越亏。
0.63227	0.64151	0.25872	0.02426	1 企业面临什么问题：成本、效率、合规三重压力与逾期
0.65552	0.61456	0.10901	0.02156	资产持续恶化的恶性循环
0.07703	0.59278	0.47529	0.02448	灵鹿智能推出的 Recov Agent—全国首个全链路、自进化、多智能体协作的批量债权催收智能
0.07703	0.55526	0.49419	0.02722	体，以“懂业务、能决策、可进化”的 Al Agent 为内核，把数据解析、逾期画像、策略生成、多身份触
0.63227	0.55526	0.26453	0.02426	2 Recov Agent 如何解决：全生命周期六大环节＋多身份
0.65552	0.52830	0.13372	0.02156	流转 +司法闭环＋自进化引擎
0.07703	0.51740	0.46802	0.02708	达、全链路送达、诉讼立案等原本分散的人工流程，压缩为一套可由 AI 全自动执行的闭环作业：
0.07703	0.47978	0.45349	0.02695	现金流增童运行、全程留痕、按进展自动升级。其目标不是交付一套催收软件，而是直接交付
0.63227	0.47165	0.26163	0.02448	3 独特优势与能力：Al Agent 能力基座、组合能力矩阵与
0.09448	0.44201	0.44622	0.02706	—以更低成本、更高效率、更高合规标准，把逾期资产高效合规地转化为确定性现金流。
0.65552	0.44459	0.11919	0.02191	随时间加深的结构性护城河
0.63372	0.39084	0.26017	0.02156	4 带来什么成效与价值：效率个300%、人力成本 50％、
0.65698	0.35825	0.11919	0.02450	合规纠纷0起、现金流增量
0.63227	0.30458	0.26453	0.02426	5 最终交付什么成果：现金流回款和企业专届的 AI智能体
0.65698	0.27493	0.13372	0.02426	综合催收能力，最快 15 天上线
