0.07413	0.86944	0.29942	0.05045	|八、为什么选择 Recov Agent
0.10901	0.69139	0.01744	0.02374	01
0.39680	0.69139	0.02035	0.02374	02
0.68314	0.68843	0.02035	0.02671	03
0.10029	0.60534	0.15116	0.02671	全国首个全链路 Al催收智能体
0.38808	0.60213	0.11047	0.02992	自进化能力，越用越准
0.67438	0.60498	0.05677	0.02742	合规零风险
0.10029	0.55461	0.22529	0.02699	不是单点工具，而是覆盖数据解析到司法立案的完整
0.38663	0.55461	0.22529	0.02699	数据飞轮驱动策路与话术持续优化，形成结构性护城
0.67297	0.55461	0.21657	0.02699	全程留痕、话术可控、温度优先，0 起暴力催收纠
0.10029	0.52199	0.02616	0.02698	闭环。
0.38663	0.52199	0.01744	0.02698	河。
0.67297	0.52199	0.01744	0.02698	纷。
0.10901	0.35015	0.02035	0.02671	04
0.39680	0.35015	0.02035	0.02671	05
0.68314	0.35015	0.02180	0.02671	06
0.10025	0.26659	0.06840	0.02764	高并发规模化
0.38659	0.26660	0.06840	0.02763	司法闭环能力
0.67297	0.26383	0.11337	0.02994	快速上线，效果可量化
0.10029	0.21958	0.20930	0.02374	1户到1千户同时处理，资产量越大优势越明显。
0.38663	0.21631	0.22529	0.02701	批量律师函、自动立案、异地代开庭，让小额债权首
0.67297	0.21631	0.22238	0.02701	最快 15 天上线，按回款效果付费，直接交付现金流
0.38663	0.18369	0.12355	0.02699	次具备规模化司法处置能力。
0.67297	0.18369	0.02762	0.02699	增量。
