0.07267	0.87262	0.20785	0.03238	|七、交付成果与实施
0.07703	0.79273	0.18314	0.01909	7.1最终交付：现金流＋能力资产
0.51453	0.79273	0.16715	0.01909	7.2 实施路径：最快 15 天上线
0.51447	0.74297	0.06117	0.01787	•第1-3天
0.09448	0.72227	0.05087	0.01545	现金流增量
0.53634	0.72624	0.13517	0.01331	需求对接、数据对接、画像规则确认
0.09593	0.69955	0.17151	0.01338	按回款结果收费，直接交付可衡量的现金流入。
0.53307	0.67864	0.04396	0.01545	第4-7天
0.53343	0.66160	0.13808	0.01340	策略配置、话术定制、身份声线克降
0.09448	0.62167	0.08430	0.01521	企业专属 AI 智能体
0.51449	0.61187	0.06840	0.01770	• 第8-12天
0.09593	0.60076	0.18023	0.01333	沉淀企业催收知识、策略与数据飞轮，越用越准。
0.53634	0.59500	0.12645	0.01337	小批量测试、质检调优、合规审核
0.51303	0.54526	0.07424	0.01974	• 第13-15天
0.09448	0.52273	0.05959	0.01545	合规运营体系
0.53634	0.53042	0.14099	0.01331	全最上线、7×24 批量执行、持续进化
0.09593	0.50000	0.18023	0.01331	全程留痕、话术可控、符合监管要求的催收标准。
0.09448	0.42205	0.05959	0.01522	服务改进洞察
0.09448	0.39909	0.16424	0.01545	语义分析输出客户反馈台账，推动主动治理。
0.09884	0.26616	0.09738	0.01901	7.3 灵活合作模式
0.19331	0.20136	0.06977	0.01545	按回款效果付费
0.47674	0.20342	0.04651	0.01340	SaaS 订阅
0.75145	0.20136	0.04215	0.01545	混合模式
0.15698	0.17864	0.14244	0.01545	前期投入，按实际回收金额比例结算
0.43169	0.17864	0.13663	0.01545	按月/年订阅，适合持续批量催收需求
0.70058	0.17864	0.14390	0.01545	基础订阅+效果激励，平衡成本与收益
