0.07413	0.96111	0.26890	0.02667	|二、行业与企业面临的问题
0.07703	0.89612	0.13227	0.01550	2.1催收业务的三重压力
0.11047	0.81860	0.01744	0.01240	M
0.68605	0.81705	0.01744	0.01705	A
0.09884	0.75504	0.08140	0.02946	60%+
0.38808	0.75814	0.05558	0.02636	数月
0.67442	0.75814	0.07558	0.02791	零容忍
0.10022	0.73153	0.05101	0.01601	成本之痛
0.38663	0.73178	0.05087	0.01562	效率之殇
0.67442	0.73178	0.05087	0.01562	凤险之殇
0.10029	0.70543	0.22529	0.01395	人力投入占比高，员工压力与人员流动叠加，单笔催
0.38663	0.70543	0.22529	0.01395	账龄越长越难收，沉淀坏账持续侵蚀利润；当年逾期
0.67442	0.70543	0.21512	0.01395	暴力催收、骚扰投诉与品牌声誉风险并存，监管趋
0.10029	0.68837	0.07558	0.01395	收成本居高不下。
0.38663	0.68837	0.11483	0.01395	未清收，次年更难又更贵。
0.67442	0.68837	0.10320	0.01395	严，合规红线不容触碰。
0.07703	0.59690	0.16134	0.01550	2.2回款率随账龄断崖式下降
0.09884	0.53333	0.79070	0.01705	逾期账龄每延长一个阶段，回款难度显著上升。小额、批量、分散的债权一旦被拖成历史坏账，回收率将降至个位数—“早催、高频、高效触达"因此成为决定回
0.10029	0.51473	0.08576	0.01564	收率的关键变量。
0.17151	0.40148	0.01453	0.00937	M1
0.33140	0.40148	0.01890	0.00937	M2
0.49419	0.40148	0.01453	0.00782	M3
0.65262	0.40148	0.01744	0.00937	MG
0.81105	0.40148	0.02326	0.00782	M12+
0.16860	0.38295	0.02180	0.00930	85%
0.32849	0.38295	0.02326	0.00930	62%
0.48983	0.38295	0.02326	0.00930	38%
0.64971	0.38295	0.02180	0.00930	18%
0.81541	0.38295	0.01453	0.00930	5%
0.07703	0.28667	0.19767	0.01566	2.3传统人力密集模式的结构性矛盾
0.09738	0.22630	0.38517	0.01407	• 大量真人电话催收：坐席投入高、覆盖能力受限、单笔成本高且合规性差，质量因人而
0.11192	0.21074	0.01744	0.01259	异。
0.52762	0.20926	0.05959	0.01556	I 核心痛点
0.09738	0.18140	0.38517	0.01395	•人工法务催告：函件、送达、诉讼材料与诉讼依赖人工法务或律师，周期长、难以批量
0.52762	0.18444	0.32122	0.01407	大量重复劳动、成本高、效率低、合规性差、吞噬现金流与利润、恶性循环
0.11337	0.16589	0.01744	0.01240	化。
0.09738	0.13481	0.38372	0.01557	• 逾期案件管理的恶性循环：不积极催告会引发“跟灭失速”，效率进一步下降，企业无力
0.11192	0.11926	0.35465	0.01407	维持高服务水平，服务质量显著下降，进而陷入"欠费一逾期-更难收"的恶性循环。
