0.07466	0.95218	0.16735	0.00636	解決方案
0.07481	0.95819	0.25039	0.00742	批量债权催收
0.08750	0.93690	0.10833	0.00357	预约产品消示-
0.07083	0.91488	0.15000	0.00357	|一、方案概述
0.07500	0.90417	0.48750	0.00357	大量造说现户被拉成历完坏系，找烦健虚双验流与形词；情这“人海-人工法务多”的值收顶式，沈阳所
0.07500	0.90774	0.47917	0.00179	高货，小，好量化。为阿证的其量谢副陵餐，正让企幾何的核叟成本。双子今合双的三童區力
0.07500	0.89702	0.15833	0.00179	是鹿行能怜出的Recov Agcnl
0.07500	0.89405	0.49583	0.00179	体，以“懂业务。能决康。可进忧的AAcent为内栋，双数服料析。追潮血像。饿洛生院，多身好籃
0.23750	0.89702	0.31250	0.00179	一全驾等个全键認。白键化。多智能体协作的投量债找键改暫制
0.62500	0.90055	0.26250	0.00184	1 企业国临什么网想；這态。刘家，合你气要注力与着基
0.07500	0.88810	0.45833	0.00179	髮公学增曾二行，公糕出晚，说品属出裂什级。我世楼春是义们一盖隆这数行。船没总诺又付
0.62500	0.89335	0.27500	0.00308	• Pacou Agort笑何解又：兰生我同期六大得节。多身1
0.62500	0.88740	0.26667	0.00198	* 拉幼优剪与带力：alAg2T1 能力道瘤。出合歡力路降平
0.07083	0.84573	0.27083	0.00372	| 二、行业与企业面临的问题
0.09583	0.81488	0.05833	0.00308	威本之絳
0.09989	0.81899	0.07939	0.00310	60%+
0.38333	0.81488	0.05833	0.00308	效眾之殇
0.38750	0.81895	0.05825	0.00372	数月
0.67083	0.81786	0.07917	0.00481	霎容忍
0.67083	0.81488	0.05833	0.00308	风险之殇
0.67083	0.81126	0.22083	0.00303	区力站长。厦就双近与区济多些风险产了，监里出
0.09583	0.78571	0.09167	0.00298	收本的关生安园。
0.07500	0.75536	0.20417	0.00308	2.3伐姨人力送集摸式的结构性矛既
0.09583	0.74107	0.38750	0.00298	。人工恩有留也：因年。送处。路密料料与总公觉親人工流务观康奶，刘阳以。难双我回
0.09583	0.74752	0.38750	0.00198	。大呈高人中话似收；坐灌幾入高。要出能力受短。峰第成本高且白燈性着，應业司人而
0.07083	0.70709	0.46667	0.00372	|三、解决方案：Recov Agent 如何解决这些问题
0.07500	0.68924	0.25833	0.00303	嗯。白土进化。每个环节概里烧化第一类传修潢点：
0.38750	0.67381	0.22083	0.00129	程种除，但岁，每们取出后限然群上，天県十人十
0.10000	0.64881	0.19601	0.00124	睡淀，客睡，活务，常的每。改计删的改的點。
0.07500	0.58507	0.72083	0.00303	留能体耙送服、文书、然章。送达。立熙与跟片黑远彩皮闭环，依捉回收還居自动没定下一岁话律动作，动作好注化。全我的性。探进居自动升级：
0.09167	0.55000	0.46667	0.00184	算技話。快奶：津她成村料生皮。在好答樂。白的包樂败群，让漱台小粉使双苗文我各灵慢他的速父曾港力
0.53333	0.52917	0.36250	0.00308	两用天隆限师统一品牌强气。必团琴委业博实时人好欺作握糖，金報他也很盘运来与
0.07083	0.49405	0.25000	0.00357	|四、独特优势与核心能力
0.09167	0.47669	0.05417	0.00308	烟识5路#
0.51250	0.48036	0.37917	0.00129	选罪她看备力愛女保然，每好，睡静，油康，釋妈的肉，不你怕也林探呼的邊很法
0.09167	0.44464	0.05833	0.00238	kommikis
0.07083	0.41667	0.35417	0.00357	|五、价值与成效：问题被解决得如何
0.12500	0.40476	0.02917	0.00417	个
0.13333	0.40055	0.08333	0.00372	380%
0.57083	0.40179	0.06667	0.00595	0起
0.77880	0.40222	0.09658	0.00508	7×24
0.07083	0.32679	0.14583	0.00357	| 六、应用场景
0.10000	0.29881	0.22500	0.00179	看期告用卡其坐，湖费分期（书段了门第〕。埃皇文
0.38750	0.29881	0.22083	0.00179	校于秀打押个人焦职交。火车们副分票。每你心我
0.67083	0.29881	0.22500	0.00179	涛對物儿費。龙电燃气通理欠赞。长但公寓？我路的
0.09583	0.27798	0.07500	0.00303	鸡业分韌绩权
0.67083	0.27852	0.06250	0.00248	冀他坪餐仪
0.07083	0.24643	0.20833	0.00417	|七、交付成果与实施
0.51250	0.22560	0.06667	0.00184	• M4天
0.50833	0.21131	0.07917	0.00179	• 第12-1元
0.15417	0.17083	0.14583	0.00238	snme入，NRID会的美拉日
0.07083	0.14226	0.30417	0.00357	| 八、为什么选择 Recov Agent
0.67917	0.12917	0.02500	0.00303	03
0.21250	0.06250	0.56667	0.00298	天论思的流期资产规规是1户还是1万户，Recov Agent都能以更很皮本，更离效军，更离合规标在，
0.32083	0.06667	0.35417	0.00536	让逾期资产，变成确定性现金流
0.35833	0.05109	0.10833	0.00308	预约产品济示一
0.52083	0.05109	0.12083	0.00308	麸驭解决方禽白皮书
