0.32267	0.88830	0.02326	0.04521	首页
0.36773	0.88830	0.03924	0.04521	产品矩阵
0.42870	0.88774	0.04087	0.04675	解决方案
0.48973	0.88761	0.03944	0.04699	客户案例
0.55081	0.88796	0.04808	0.04630	灵宸研究院
0.62062	0.88864	0.03928	0.04494	关于灵宸
0.68167	0.88874	0.03927	0.04475	联系我们
0.89244	0.88830	0.03924	0.04521	立即体验
0.09884	0.87766	0.02762	0.02234	LNGCHENA
0.07558	0.63830	0.07413	0.05059	＜ 返回产品矩阵
0.15407	0.64894	0.04942	0.03457	/Recov AI
0.08576	0.51596	0.04942	0.03457	由 Al Agent
0.15547	0.50992	0.06116	0.04682	企业级解决方案
0.07703	0.33777	0.13808	0.11223	Recov AI
0.07703	0.21011	0.12936	0.06212	AI不良资产处置 Agent-
0.21802	0.21011	0.32267	0.06212	一重塑不良资产处置，提升企业服务水平，交付现金流回收
0.79942	0.16667	0.10610	0.05000	叻 立即预约体验产品
0.07703	0.13298	0.03343	0.06147	结果。
