0.07849	0.86199	0.10320	0.03874	◎产品定位
0.10029	0.73366	0.79506	0.03874	Recov Agent不是辅助人催收的工具，而是全链路主动执行催收作业的「AI工作伙伴」，按实际回款金额收费
0.10901	0.69976	0.24273	0.03635	（RaaS），与客户利益深度对齐。
0.07703	0.57869	0.61919	0.02432	Recov Agent全国首个全链路、自适应、多智能体协作的批量债权回收智能体。以“懂业务、能决策、可进化"的 Al Agent 为内
0.07703	0.54964	0.61483	0.02675	核，融合专家经验、行业规范与法律法规构建。产品通过"差异化策略大脑+AI 多身份触达+自动化文书与立案＋实时回款确
0.07703	0.51816	0.61628	0.02466	认”，把原本分散低效的人工流程压缩为一套可全自研执行的多智能体协作闭环，实现7×24 批量运行、全程留痕、按进展自动
0.07703	0.48910	0.02907	0.02179	升级。
0.07703	0.43826	0.62355	0.02702	产品专门聚焦于「批量、高频、小额、标准化」的信用类逾期债权，以高效、低成本、合规的方式，全链路替代传统物业催、欠
0.07703	0.40920	0.52471	0.02421	费等催收作业方式，强化企业现金流、提升项目服务质量，变"被动收费“为”主动治理”，助力信用中国建设。
0.12500	0.28814	0.02616	0.01973	过去
0.53488	0.28571	0.04797	0.02216	＜ 现在
0.09884	0.22222	0.20203	0.02717	传统人工模式：人海战术、合规盲区
0.53052	0.22518	0.26599	0.02421	Recov Agent：全生命周期自动化多智能体协作
0.10029	0.18402	0.35029	0.02200	依赖大量客服团队，催收人员人工完成信息核查、单笔催收成本高且易产生摩擦冲
0.53052	0.18402	0.36628	0.02200	懂业务、能决策、可进化的 AI Agent 作为数字员工，自动画像、智能生成千人千面话
0.09884	0.15738	0.36192	0.02201	突，面临高投诉风险率和人员流失率；海量小额欠费因催收成本高、周期繁琐而被追
0.53052	0.15738	0.36047	0.02201	术，催收中从温馨提醒到转化为法律威慑，通过全自动律函材料装配、在线签章与自
0.10029	0.13075	0.13227	0.02203	讨全计提，持续侵蚀微薄利润。
0.53052	0.13075	0.29797	0.02203	动立，使海量小分散债权首次具备低成本、规模化催收处置能力。
