0.31686	0.78654	0.36773	0.05282	行业现状：传统催收面临的三重压力与结构性矛盾
0.10174	0.51731	0.03634	0.06923	01
0.38808	0.51346	0.04070	0.07308	02
0.67442	0.51346	0.04215	0.07308	03
0.10025	0.41731	0.06694	0.05696	60%+
0.38663	0.40161	0.07122	0.07229	数月+
0.67442	0.40161	0.07413	0.07229	零容忍
0.10017	0.32410	0.05111	0.04256	成本之痛
0.38663	0.32500	0.05087	0.04046	效率之困
0.67439	0.32506	0.05092	0.04064	风险之惧
0.10029	0.26506	0.22529	0.03686	人力投入占比高，客服与法务管理面临重压力与强控
0.38663	0.26506	0.22529	0.03686	账龄越长越难收，当年逾期未收次年坏账又至，沉没
0.67297	0.26506	0.22674	0.03686	传统粗放沟通中，暴力催收、骚扰投诉与品牌声誉风
0.10029	0.21687	0.15262	0.04082	压力，导致单笔催收成本居高不下。
0.38663	0.22088	0.16279	0.03681	成本持续侵蚀企业现金流与微薄利润。
0.67297	0.21687	0.22238	0.04082	险并存，合规红线对企业是一条不可逾越的高压线。
