0.33285	0.83913	0.33430	0.03966	覆盖逾期资产全生命周期的六大核心处理环节
0.10320	0.66957	0.01453	0.01884	01
0.12936	0.66957	0.04360	0.02174	核心能力
0.38953	0.66957	0.01308	0.01884	02
0.42582	0.66925	0.03354	0.01908	核心能力
0.67442	0.66957	0.07122	0.02174	03 核心能力
0.09445	0.59372	0.04512	0.02772	逾期解析
0.37931	0.59358	0.04661	0.02798	逾期画像
0.66570	0.59394	0.04651	0.02780	策略生成
0.09448	0.54783	0.23547	0.02793	债权数据与历史沟通记录智能归档，记录每个项目真实
0.37936	0.54783	0.23547	0.02793	法催级、行为、争议原因与风险标签，对欠款人进行千
0.66570	0.54783	0.23547	0.02793	基于画像自动匹配催收节奏、定制化话术、施压强度与
0.09448	0.51449	0.23983	0.02793	问题，实现物业/服务全身体检，沉淀为可复用的结构化
0.38081	0.51159	0.22093	0.03083	人千面精准建模，为针对性策略制定提供决策依据。
0.66570	0.51449	0.20058	0.02793	法律升级路径，告别”一刀切”的传统机械催收。
0.09448	0.48116	0.04651	0.02793	数据资产。
0.10320	0.34203	0.01453	0.01884	04
0.13372	0.34203	0.03924	0.01884	核心能力
0.38808	0.34203	0.07122	0.01884	05 核心能力
0.67442	0.34203	0.07122	0.01884	06 核心能力
0.09440	0.26613	0.04520	0.02834	多轮触达
0.38081	0.26667	0.04506	0.02754	全域送达
0.66547	0.26441	0.05859	0.03178	诉讼与立案
0.09448	0.22121	0.23401	0.02727	项目管家、企业客服、法务经理四种身份动态切换，AI
0.38081	0.22121	0.22529	0.02727	电话、短信、邮件、法律EMS四位一体自动化联勤触
0.66570	0.22121	0.23110	0.02727	催收函、律师函、起诉状、证据清单 AI一键批量生成
0.09448	0.18788	0.19186	0.02727	具备低延迟、可思考、自主协商与调解能力。
0.37936	0.18485	0.22238	0.03030	达，具备强大的失联信息修复与触达额度存证能力。
0.66570	0.18485	0.23547	0.03030	并盖章，自动对接法院立案系统申请立案，并跟进庭审
0.66563	0.15400	0.04666	0.02836	案件进展。
