0.07849	0.80345	0.27326	0.05517	务】全链路多智能体协作与能力矩阵
0.08860	0.66487	0.05971	0.03234	• 策略大脑
0.52022	0.66023	0.08311	0.03816	• Al多身份流转
0.10756	0.62376	0.36192	0.03141	按画像、账龄、行为自动分层，智能体自主分析、自适应话术，实现千人千面的催收
0.54215	0.62706	0.36192	0.02811	项目管家（温馨提醒/关系维护） 企业客服（账单核对/释疑沟通） 法务经理（正
0.10754	0.58944	0.04656	0.02801	策略定制。
0.54215	0.58911	0.33576	0.02813	式催告/责任告知） 执业律师（律函/起诉立案）按进展与法催等级动态切换。
0.08866	0.45517	0.05959	0.03163	• 沟通闭环
0.52174	0.45437	0.06989	0.03263	• 高并发作业
0.10756	0.41724	0.36192	0.03160	从温馨提醒到自主诉讼，实现法催动作标准化。通过信用材料生成、在线签章、自动
0.54360	0.41724	0.35756	0.03160	支持7x24 批量高并发运行，可同时处理1户到1000户，欠费资产规模越大，其并
0.10756	0.37931	0.22093	0.03158	立案跟进，赋予小额分散债权规模化法处处置能力。
0.54070	0.37931	0.08576	0.03158	发效率优势越明显。
0.08858	0.24374	0.07865	0.03665	• 失联信息修复
0.52180	0.24422	0.06977	0.03164	• 自适应引擎
0.10756	0.20297	0.36192	0.03496	多渠道级联触达策略，配合失联信息修复技术，有效唤醒由于失联、搬迁或拒接导致
0.54070	0.20627	0.36192	0.03166	支持统一品牌语气的声誉管理，关键节点实时提醒，全程质检复盘，催收原因归因知
0.10747	0.16467	0.05686	0.03618	的沉睡坏账。
0.54070	0.16502	0.09448	0.03154	识库自主反思、进化。
