0.07703	0.80255	0.10465	0.06745	•产品价值
0.11337	0.74333	0.41279	0.03374	交付的是现金流增量，而不是一套催收软件—— 商业模式与客户财务结果深度对齐。
0.13657	0.58616	0.08442	0.05435	1300%
0.36047	0.59000	0.06541	0.05013	150%
0.58576	0.57962	0.04215	0.06051	0起
0.79360	0.58599	0.05814	0.04777	RaaS
0.13372	0.53333	0.08866	0.02718	效率提升 /规模拓展
0.33866	0.53000	0.10756	0.03051	人力成本下降/ 放精力
0.56250	0.53333	0.08866	0.02718	暴力催收/合规风险
0.76308	0.53333	0.11628	0.02718	结果付费/按回款确认收费
0.10174	0.32667	0.01308	0.03000	◎
0.09302	0.25637	0.10756	0.02707	结果导向•利益深度对齐
0.30814	0.25318	0.10610	0.03025	合规安全•捍卫企业声誉
0.52326	0.25637	0.09738	0.02707	全链路闭环•赋能合规
0.73692	0.25637	0.11628	0.02707	变"被动催收"为"主动治理"
0.09448	0.21975	0.15988	0.02070	按实际回款金额百分比收费，不向客户预收
0.30959	0.21656	0.15988	0.02707	话术算法可控、行为全程可追溯、沟通全量
0.52471	0.21656	0.15843	0.02389	策略脑、画像、外呼、送达、文书、立案串
0.73837	0.21975	0.16134	0.02070	NLP 语义分析自动提炼拒缴原因（如物业服
0.09302	0.18949	0.16134	0.02718	高昂安装费，直接将催收闭环转化为确定性
0.30959	0.19268	0.15843	0.02399	留痕，消除一切粗暴侵扰，将违规和纠纷投
0.52180	0.18949	0.15407	0.02718	朕成闭环，使海量小额债权首次具备低成
0.73837	0.19268	0.15988	0.02399	务未履约、车位纠纷等）提前决策，改善服
0.09593	0.16667	0.05523	0.02333	的新增现金流。
0.30959	0.16667	0.07122	0.02333	诉率降至安全基线。
0.52471	0.16667	0.09738	0.02333	本、规模化司法处置能力。
0.73837	0.16667	0.11628	0.02333	务，切断"欠费-收费“恶性循环。
