0.07703	0.86937	0.10465	0.04279	商业实效
0.07703	0.82651	0.23837	0.02484	降本增效：交付真实的回款现金流结果
0.07703	0.78341	0.52180	0.02065	解决传统人工催收“人力占比大、流程容易断、合规不可控"的三重结构性矛盾。将原本难以处理的小额、批
0.07703	0.75431	0.31831	0.02272	量、分散资产池转变为可审计、可验收、全程留痕的现金回流器。
0.11047	0.65517	0.07267	0.01401	过去如何•传统人工
0.54070	0.65517	0.08576	0.01401	现在如何．用 Recov AI
0.09884	0.59685	0.36192	0.02277	人力成本居高不下（占比60%+）：依赖管家反复上门或人工坐席无休止拨号，单笔
0.53052	0.59685	0.36192	0.02061	AI 批量主动、全自动 7x24执行：替代重复性极强的人工外呼与繁琐的法律文书材料
0.10029	0.57651	0.22093	0.01832	处置成本居高不下，且面临精神耐力与人员流动率。
0.53198	0.57432	0.15407	0.01835	撰写，使综合人力成本下降约 50%。
0.10029	0.53125	0.36047	0.02055	催收风险与投诉恶性循环：账龄越长越难收，未缴费业主倾向于相互效仿；物业无资
0.53052	0.53125	0.36047	0.02055	高频、早期、规范触达：配合失联信息修复、自动流转升级，有效唤醒沉睡的历史拒
0.10029	0.50647	0.24855	0.02056	金提升服务，形成"欠费-服务下降-更难收费"恶性循环。
0.53052	0.50647	0.17151	0.02056	缴与小赖坏账，清收效率提升超 300%。
0.09884	0.46622	0.36192	0.02027	流程红线风险多：人工外呼沟通尺度难标准化掌控，极易因情绪表达、违规施压导致
0.53052	0.46622	0.36047	0.02027	沟通全量留痕：话术完全由符合司法与消保标准的算法模型控制，催收、骚扰与合规
0.09884	0.44144	0.24128	0.02027	暴力催收、骚扰投诉和监管红线，损害企业和品牌声誉。
0.53052	0.43919	0.18314	0.02252	违规红线投诉降低为0起，完美捍卫品牌。
0.13227	0.31532	0.08140	0.01802	实现现金回流数据
0.41860	0.31532	0.07994	0.01802	完整司法合规凭证
0.70494	0.31532	0.09884	0.01802	企业自有催收数据资产
0.10174	0.30405	0.01308	0.01802	囵
0.13372	0.29279	0.19331	0.01577	支持按实际回笼现金流进行提成分成验收，真金白银
0.42006	0.29279	0.19622	0.01577	每一次 AI 外呼沟通录音、发送的催收联系凭证、电子
0.70640	0.29279	0.19186	0.01577	通过不断的业务交互、客户标注和数据飞轮演进，最
0.13372	0.27477	0.13081	0.01617	入账，切切实实改善企业经营质量。
0.42006	0.27477	0.18895	0.01617	签章文书、法院立案卷宗等全量归档，全程可追溯。
0.70640	0.27694	0.19186	0.01401	终沉淀为企业自有的、越用越准的差异化策路和千人
0.70634	0.25635	0.05534	0.01883	千面话术资产。
0.10029	0.13685	0.79797	0.02080	逾期资产池（历史欠费/小额账单/批量分散债权） Recov Agent运营（画像-外呼-送达-文书-立案-对接） 现金回流确认/合规留痕/语义分析服务改进 利益深度对齐，收得回才付
0.48983	0.11486	0.01599	0.01802	费！
